order_id,product_type,fabric_type,quantity,gsm,cotton_percent,factory_id,current_load,return_rate,shrink_rate,brand_rating,defect_rate,actual_days
1,Hoodie,Cotton,1176,370,92,F2,0.85,0.068,0.041,3.6,0.06,14.3
2,Shorts,Cotton,921,251,52,F2,0.31,0.098,0.068,3.8,0.06,10.3
3,Pants,Cotton,1265,376,82,F3,0.51,0.062,0.04,3.9,0.03,12.1
4,Jeans,Denim,1549,287,65,F2,0.46,0.027,0.053,4.1,0.06,13.9
5,Jacket,Polyester,1317,230,86,F1,0.73,0.034,0.015,4.9,0.04,12.6
6,Jacket,Nylon,1413,191,96,F1,0.78,0.069,0.068,3.8,0.04,13
7,Pants,Blend,1154,149,89,F3,0.83,0.054,0.025,4.4,0.03,10.5
8,Hoodie,French Terry,1045,369,80,F3,0.95,0.027,0.024,3.6,0.03,13.5
9,Dress,Silk,345,312,65,F3,0.82,0.063,0.051,4.9,0.03,9.7
10,Dress,Polyester,1230,114,94,F2,0.35,0.099,0.064,3.8,0.06,10.8
11,Jacket,Nylon,1545,162,60,F1,0.44,0.077,0.065,4.4,0.04,11.7
12,Jeans,Denim,1101,234,58,F1,0.74,0.046,0.014,4,0.04,12.6
13,Pants,Blend,1801,392,84,F2,0.71,0.042,0.049,4.1,0.06,16.4
14,Hoodie,Fleece,447,382,58,F3,0.8,0.029,0.041,3.8,0.03,11.8
15,Jeans,Denim,913,330,98,F2,0.52,0.061,0.074,3.9,0.06,13.1
16,Skirt,Silk,1109,112,81,F3,0.72,0.076,0.072,4.4,0.03,10.3
17,Sweater,Acrylic,1647,233,77,F2,0.86,0.035,0.072,4.3,0.06,15.2
18,Pants,Polyester,1450,382,62,F3,0.9,0.021,0.046,4.1,0.03,15.1
19,Dress,Polyester,1750,324,91,F1,0.54,0.095,0.033,4.3,0.04,13.9
20,Jeans,Denim,1570,151,61,F3,0.48,0.06,0.031,3.9,0.03,11.9
21,Skirt,Cotton,1154,286,98,F2,0.98,0.053,0.012,4,0.06,15.7
22,Dress,Silk,1126,271,75,F3,0.99,0.039,0.057,4.6,0.03,14
23,Pants,Blend,172,354,87,F2,0.56,0.071,0.054,4.3,0.06,9.8
24,Shorts,Denim,1422,358,69,F1,0.53,0.038,0.06,4.7,0.04,13.3
25,Shorts,Denim,1221,298,90,F2,0.78,0.051,0.076,3.7,0.06,14
26,Pants,Polyester,200,397,84,F3,0.46,0.034,0.079,4.3,0.03,8.9
27,Hoodie,Cotton,930,101,50,F3,0.37,0.092,0.073,4.4,0.03,7.4
28,Hoodie,Fleece,865,307,52,F3,0.9,0.052,0.072,4.8,0.03,11.9
29,Shorts,Polyester,1698,203,69,F1,0.71,0.05,0.076,5,0.04,13.3
30,Pants,Blend,1779,262,65,F2,1,0.034,0.011,4.2,0.06,16.4
31,Jacket,Leather,865,234,52,F3,0.76,0.065,0.017,4.1,0.03,10.7
32,Pants,Blend,87,329,94,F1,0.64,0.092,0.04,4,0.04,9
33,Skirt,Polyester,1682,383,96,F1,0.64,0.036,0.061,3.9,0.04,15.3
34,Jacket,Polyester,66,271,77,F3,0.63,0.042,0.072,4.6,0.03,8.1
35,Jeans,Denim,1110,379,78,F1,0.6,0.097,0.077,4.8,0.04,12.7
36,Dress,Silk,1234,355,52,F2,0.42,0.065,0.076,4.5,0.06,12.4
37,Skirt,Cotton,1945,273,73,F3,0.45,0.074,0.035,3.9,0.03,13.1
38,Shorts,Cotton,1177,398,97,F3,0.69,0.044,0.039,3.9,0.03,12.9
39,Sweater,Acrylic,457,112,56,F3,0.65,0.084,0.055,4.6,0.03,8.1
40,Sweater,Acrylic,520,242,77,F3,0.71,0.055,0.057,4,0.03,9.9
41,Jeans,Denim,1771,162,71,F1,0.71,0.022,0.013,4.7,0.04,13.2
42,Sweater,Cotton,1042,363,93,F2,0.98,0.057,0.069,3.8,0.06,15.2
43,Pants,Blend,1423,146,84,F2,0.75,0.078,0.078,4.3,0.06,13.9
44,Shorts,Denim,880,374,77,F1,0.82,0.04,0.023,3.6,0.04,13.1
45,Sweater,Acrylic,1200,228,50,F3,0.61,0.039,0.017,3.8,0.03,11.5
46,Jacket,Nylon,1262,291,54,F1,0.73,0.054,0.027,4,0.04,13.7
47,Jacket,Leather,1046,185,78,F2,0.38,0.024,0.013,4.8,0.06,10.5
48,T-shirt,Cotton,267,138,85,F3,0.42,0.055,0.038,4.4,0.03,7.4
49,Pants,Cotton,1910,199,83,F2,0.48,0.021,0.075,4.3,0.06,15.1
50,Jeans,Denim,1089,379,65,F1,0.75,0.022,0.051,4.9,0.04,14
51,Jacket,Polyester,1737,277,84,F3,0.75,0.057,0.048,4.9,0.03,14.6
52,T-shirt,Blend,1915,142,93,F2,0.49,0.037,0.036,3.6,0.06,13.6
53,Dress,Polyester,803,134,72,F2,0.35,0.046,0.069,3.5,0.06,8.9
54,Shorts,Denim,1269,213,94,F3,0.96,0.023,0.039,5,0.03,13.7
55,Sweater,Acrylic,725,291,84,F1,0.99,0.053,0.036,4.7,0.04,13.2
56,T-shirt,Polyester,86,367,98,F1,0.78,0.079,0.027,4.1,0.04,10.4
57,Shorts,Cotton,1954,161,69,F2,0.88,0.046,0.073,4.1,0.06,15.8
58,Sweater,Cotton,767,322,68,F1,0.65,0.027,0.016,4.4,0.04,11.3
59,Shorts,Polyester,997,152,72,F2,0.85,0.029,0.075,5,0.06,12.7
60,Sweater,Wool,1916,245,96,F3,0.4,0.081,0.053,3.7,0.03,13.8
61,Pants,Cotton,1592,273,62,F3,0.46,0.052,0.072,3.7,0.03,11.6
62,Pants,Blend,1721,244,56,F3,0.99,0.08,0.036,3.6,0.03,15.3
63,Sweater,Acrylic,494,281,88,F2,0.6,0.093,0.018,4.2,0.06,10.8
64,Shorts,Denim,1131,247,77,F3,0.84,0.086,0.062,4.5,0.03,12.4
65,Sweater,Acrylic,397,289,98,F2,0.36,0.062,0.041,4.7,0.06,9.4
66,T-shirt,Cotton,864,248,65,F1,0.67,0.099,0.015,4.3,0.04,11.5
67,Jacket,Leather,1605,146,90,F2,0.45,0.044,0.08,4.5,0.06,13.2
68,Shorts,Polyester,1020,111,59,F3,0.97,0.091,0.042,4.4,0.03,11.1
69,Skirt,Silk,1081,221,77,F1,0.75,0.051,0.026,3.9,0.04,11.5
70,T-shirt,Polyester,1996,244,58,F1,0.52,0.085,0.058,3.7,0.04,13.9
71,Jacket,Nylon,1631,134,55,F1,0.96,0.078,0.053,4.1,0.04,14.8
72,Sweater,Cotton,273,338,98,F3,0.56,0.08,0.038,4.7,0.03,9
73,Skirt,Cotton,738,197,90,F1,0.59,0.042,0.014,4.8,0.04,10
74,Jeans,Denim,1046,152,86,F3,0.83,0.05,0.027,3.8,0.03,11.3
75,Sweater,Acrylic,50,150,94,F2,0.72,0.038,0.057,4.4,0.06,8.3
76,Shorts,Cotton,203,349,83,F3,0.63,0.087,0.032,4.7,0.03,9.3
77,Dress,Silk,285,321,66,F3,0.39,0.022,0.063,4.4,0.03,7.7
78,Hoodie,French Terry,1495,291,83,F3,0.55,0.067,0.037,4.2,0.03,13.1
79,Jeans,Denim,496,348,87,F3,0.62,0.093,0.031,4.3,0.03,10.8
80,T-shirt,Polyester,187,283,66,F1,0.64,0.041,0.042,5,0.04,9.6
81,Pants,Polyester,102,304,92,F2,0.71,0.047,0.048,4.2,0.06,9.4
82,Jeans,Denim,1985,107,53,F2,0.43,0.048,0.073,4.2,0.06,14
83,Shorts,Polyester,142,259,99,F2,0.72,0.038,0.068,4,0.06,9.9
84,Jeans,Denim,887,100,54,F3,0.62,0.037,0.035,4.3,0.03,9.1
85,T-shirt,Cotton,1886,172,75,F3,0.86,0.07,0.016,4.8,0.03,14.8
86,T-shirt,Cotton,674,352,64,F3,0.68,0.094,0.027,4.6,0.03,11
87,Hoodie,Fleece,127,315,51,F1,0.82,0.023,0.028,4.6,0.04,10.3
88,Dress,Polyester,1824,373,87,F3,0.67,0.039,0.029,4.1,0.03,15.7
89,Sweater,Cotton,763,138,66,F3,0.45,0.046,0.018,4.8,0.03,9.1
90,Jacket,Polyester,116,332,94,F2,0.64,0.067,0.062,4.3,0.06,10.7
91,Pants,Polyester,1442,335,68,F1,0.57,0.047,0.073,4.4,0.04,13.6
92,Shorts,Polyester,1814,388,71,F2,0.46,0.049,0.044,4.8,0.06,14.8
93,Pants,Polyester,1519,194,73,F3,0.93,0.026,0.047,4.1,0.03,13.9
94,Jacket,Polyester,53,233,98,F2,0.64,0.078,0.067,4.6,0.06,9.1
95,Hoodie,Cotton,764,125,94,F3,0.84,0.035,0.033,4.1,0.03,9.3
96,Jacket,Polyester,608,100,75,F3,0.84,0.027,0.045,4.9,0.03,9.4
97,Jeans,Denim,894,358,82,F3,0.56,0.056,0.048,4.3,0.03,11.8
98,Dress,Polyester,1669,200,58,F1,0.83,0.068,0.043,4.1,0.04,13.8
99,Shorts,Denim,1679,194,98,F1,0.9,0.08,0.039,4.9,0.04,15
100,Dress,Silk,1393,159,78,F3,0.4,0.084,0.024,3.7,0.03,10.2
101,Hoodie,Cotton,774,264,54,F2,0.46,0.071,0.074,4,0.06,11.8
102,Shorts,Cotton,1913,394,89,F2,0.56,0.057,0.031,4.6,0.06,16.9
103,T-shirt,Blend,192,252,66,F2,0.93,0.051,0.048,4.9,0.06,10.8
104,Hoodie,Fleece,1719,166,56,F2,0.81,0.075,0.022,4.8,0.06,15
105,Sweater,Acrylic,1362,330,76,F3,0.85,0.032,0.032,3.9,0.03,14.9
106,Jeans,Denim,1708,217,87,F1,0.68,0.05,0.042,4.4,0.04,14.1
107,Shorts,Denim,64,256,57,F3,0.4,0.038,0.061,4.6,0.03,7.6
108,T-shirt,Polyester,1365,381,92,F2,0.72,0.086,0.077,4,0.06,15.9
109,Dress,Polyester,1207,299,72,F1,0.62,0.096,0.021,4.4,0.04,13.9
110,Dress,Silk,1696,203,92,F2,0.95,0.065,0.059,4.9,0.06,15.9
111,T-shirt,Polyester,1913,226,91,F1,0.84,0.05,0.015,3.6,0.04,15.1
112,Jacket,Leather,469,281,72,F1,0.94,0.09,0.046,4.4,0.04,11.4
113,Jeans,Denim,710,236,59,F1,0.86,0.02,0.033,4.1,0.04,12
114,Jeans,Denim,435,309,76,F2,0.82,0.056,0.026,4.2,0.06,12.1
115,T-shirt,Cotton,1252,281,73,F1,0.7,0.033,0.012,4,0.04,12.7
116,T-shirt,Polyester,715,255,99,F2,0.76,0.034,0.077,3.7,0.06,12.6
117,Dress,Polyester,1703,162,89,F1,0.65,0.068,0.015,4.6,0.04,13.2
118,Shorts,Denim,81,257,78,F1,0.74,0.05,0.069,4.4,0.04,9.1
119,Hoodie,Cotton,818,177,96,F3,0.67,0.063,0.044,4.2,0.03,9.8
120,T-shirt,Polyester,1337,154,88,F2,0.83,0.042,0.073,4.3,0.06,13.7
121,Shorts,Denim,136,154,77,F3,0.89,0.089,0.039,4.3,0.03,8.2
122,Dress,Cotton,1840,153,96,F3,0.7,0.091,0.049,4.6,0.03,13
123,Pants,Polyester,1876,195,73,F1,0.81,0.088,0.068,4.1,0.04,14.3
124,Skirt,Silk,784,106,59,F3,0.36,0.037,0.012,3.8,0.03,7.9
125,Dress,Cotton,1621,384,67,F2,0.92,0.085,0.034,3.9,0.06,17.9
126,T-shirt,Cotton,445,119,54,F1,0.54,0.082,0.035,4.8,0.04,7.1
127,Pants,Cotton,1940,379,66,F3,0.91,0.059,0.073,4.7,0.03,16.7
128,Pants,Polyester,575,108,89,F2,0.79,0.052,0.025,4.5,0.06,10.3
129,Jeans,Denim,543,103,75,F2,0.67,0.034,0.029,3.5,0.06,8.8
130,Jeans,Denim,1090,264,74,F1,0.65,0.078,0.017,3.7,0.04,12.4
131,Jacket,Leather,76,386,55,F2,0.81,0.04,0.054,4.2,0.06,12.2
132,Jeans,Denim,1030,289,95,F2,0.33,0.033,0.062,3.6,0.06,11.5
133,Jeans,Denim,1365,381,78,F1,0.57,0.043,0.035,4.6,0.04,14.1
134,Jacket,Polyester,147,154,96,F2,0.97,0.031,0.044,3.9,0.06,9.4
135,Hoodie,Cotton,800,247,68,F2,0.72,0.024,0.045,4.4,0.06,12.7
136,T-shirt,Blend,1574,172,58,F1,0.55,0.053,0.059,4.4,0.04,12
137,Shorts,Cotton,74,138,84,F2,0.87,0.084,0.059,3.9,0.06,8.5
138,Shorts,Polyester,1117,116,59,F2,0.78,0.062,0.016,4.9,0.06,12.8
139,Jeans,Denim,388,363,80,F1,0.86,0.073,0.058,4.8,0.04,11.8
140,Pants,Blend,1728,158,75,F3,0.34,0.074,0.013,4.4,0.03,10.3
141,Jacket,Leather,450,381,70,F3,0.63,0.045,0.018,4.6,0.03,10.5
142,Jacket,Nylon,876,314,78,F2,0.63,0.089,0.069,4,0.06,12.5
143,Dress,Polyester,1563,202,66,F2,0.76,0.049,0.049,4.2,0.06,14.5
144,Pants,Cotton,1035,282,72,F3,0.35,0.045,0.048,4.7,0.03,10.6
145,Hoodie,French Terry,970,309,82,F2,0.92,0.069,0.026,3.5,0.06,14.4
146,Hoodie,Cotton,1489,195,84,F2,0.35,0.021,0.014,3.6,0.06,12.6
147,Skirt,Silk,367,344,93,F2,0.74,0.09,0.079,4.7,0.06,10.9
148,Sweater,Acrylic,438,164,79,F3,0.3,0.057,0.031,4.8,0.03,5.8
149,Dress,Cotton,195,392,74,F2,0.49,0.093,0.013,3.7,0.06,9.9
150,Shorts,Polyester,236,392,86,F1,0.36,0.053,0.072,4.9,0.04,9
151,Sweater,Wool,60,161,62,F3,0.99,0.079,0.015,4.1,0.03,8.6
152,Hoodie,Fleece,1316,206,83,F2,0.57,0.023,0.077,4.7,0.06,13
153,Shorts,Polyester,1590,360,96,F1,0.45,0.061,0.052,4.3,0.04,13.8
154,Shorts,Cotton,899,161,66,F2,0.41,0.085,0.026,3.8,0.06,9.2
155,Hoodie,French Terry,1162,167,63,F1,0.9,0.057,0.037,3.9,0.04,12.3
156,Jeans,Denim,787,269,58,F1,0.53,0.095,0.061,3.9,0.04,10.5
157,Jacket,Leather,1197,137,57,F2,0.79,0.024,0.047,4.9,0.06,12.7
158,Sweater,Wool,164,285,52,F2,0.54,0.074,0.05,3.9,0.06,10
159,Skirt,Polyester,1335,315,68,F2,0.91,0.04,0.021,3.7,0.06,15
160,Skirt,Cotton,1766,269,85,F3,0.73,0.08,0.021,4.8,0.03,14
161,Skirt,Cotton,875,348,80,F3,0.88,0.03,0.033,4.6,0.03,13.1
162,Sweater,Acrylic,1791,176,78,F2,0.48,0.035,0.016,4,0.06,13.3
163,Sweater,Wool,1306,116,89,F2,0.48,0.071,0.048,4.7,0.06,11.4
164,Skirt,Cotton,635,332,81,F3,0.89,0.051,0.023,4.6,0.03,11.8
165,T-shirt,Blend,327,295,69,F2,0.78,0.025,0.031,4.6,0.06,11.4
166,Jacket,Nylon,754,121,75,F2,0.35,0.088,0.079,4.5,0.06,8.5
167,Pants,Blend,765,263,84,F2,0.72,0.051,0.015,4.7,0.06,12.7
168,Pants,Cotton,508,157,72,F3,0.61,0.042,0.08,4.1,0.03,8.2
169,Jacket,Polyester,446,138,64,F2,0.86,0.075,0.025,3.6,0.06,11.1
170,T-shirt,Cotton,1612,294,66,F1,0.97,0.023,0.061,4.9,0.04,16.4
171,Dress,Cotton,918,183,55,F2,0.83,0.055,0.032,4,0.06,12.9
172,T-shirt,Blend,1236,380,73,F3,0.56,0.089,0.043,5,0.03,13.3
173,Jeans,Denim,479,244,78,F3,0.84,0.082,0.069,4.6,0.03,9.9
174,Sweater,Acrylic,742,123,52,F3,0.43,0.057,0.01,4.4,0.03,8.1
175,Sweater,Cotton,1967,335,69,F1,0.6,0.036,0.044,3.6,0.04,14.7
176,Skirt,Silk,1417,171,60,F2,0.99,0.032,0.043,4.5,0.06,15.1
177,Jacket,Polyester,387,194,87,F1,0.5,0.076,0.07,4.7,0.04,8.3
178,Skirt,Silk,1161,140,66,F1,0.37,0.066,0.011,4.2,0.04,9.4
179,Pants,Blend,141,247,82,F3,0.69,0.021,0.033,4.3,0.03,8.4
180,T-shirt,Cotton,638,215,75,F3,0.58,0.031,0.05,4.5,0.03,8.9
181,Shorts,Cotton,192,205,93,F2,0.37,0.071,0.059,3.5,0.06,8.8
182,Shorts,Denim,1337,277,77,F1,0.86,0.047,0.067,3.6,0.04,14.3
183,Dress,Polyester,1157,307,53,F2,0.72,0.083,0.044,3.6,0.06,13.8
184,Dress,Silk,1027,111,72,F2,0.76,0.058,0.053,4,0.06,11.1
185,Shorts,Cotton,799,272,57,F2,0.91,0.055,0.013,3.7,0.06,13.6
186,Jeans,Denim,1132,230,77,F2,0.44,0.074,0.015,3.5,0.06,10.7
187,Hoodie,French Terry,402,312,80,F3,0.59,0.088,0.054,4.6,0.03,9.5
188,Jacket,Nylon,1635,276,81,F3,0.71,0.022,0.038,4.4,0.03,14.7
189,Shorts,Denim,384,361,88,F3,0.49,0.067,0.074,3.8,0.03,10.2
190,Sweater,Cotton,960,324,84,F2,0.84,0.052,0.052,4.4,0.06,14.7
191,Sweater,Cotton,575,101,86,F2,0.9,0.059,0.027,4.8,0.06,11.2
192,Sweater,Wool,1157,229,88,F3,0.41,0.051,0.078,3.9,0.03,8.9
193,Dress,Cotton,1302,360,50,F3,0.84,0.03,0.078,4.2,0.03,14.3
194,Skirt,Silk,1851,356,54,F1,0.47,0.069,0.059,3.8,0.04,14
195,Shorts,Denim,1357,220,92,F2,0.82,0.073,0.043,4.8,0.06,14.4
196,Hoodie,Cotton,1792,207,69,F3,0.49,0.025,0.047,4.9,0.03,13.2
197,Dress,Silk,846,100,84,F2,0.62,0.095,0.032,4.3,0.06,10.8
198,Jacket,Leather,1296,283,96,F1,0.67,0.047,0.047,3.7,0.04,13.3
199,Dress,Silk,1711,333,57,F2,0.98,0.028,0.057,4.2,0.06,17.2
200,Hoodie,Fleece,1875,292,75,F3,0.56,0.021,0.027,4.7,0.03,14.2
201,Jeans,Denim,352,331,98,F3,0.32,0.094,0.058,4.5,0.03,8.5
202,Shorts,Cotton,1126,168,90,F1,0.37,0.073,0.08,3.6,0.04,9.3
203,T-shirt,Cotton,1658,260,90,F2,1,0.08,0.016,3.9,0.06,16.7
204,Dress,Silk,1175,231,87,F3,0.61,0.092,0.071,4,0.03,11
205,Jeans,Denim,1438,228,73,F3,0.51,0.072,0.033,4.4,0.03,12.3
206,Hoodie,Fleece,1988,192,74,F2,0.72,0.064,0.041,3.5,0.06,16.6
207,Hoodie,French Terry,1340,209,63,F1,0.73,0.057,0.037,4.8,0.04,11.6
208,Pants,Polyester,678,320,75,F2,0.38,0.032,0.047,3.9,0.06,11.9
209,Pants,Cotton,1813,370,92,F1,0.84,0.085,0.06,4.9,0.04,16.4
210,Jacket,Leather,764,150,64,F2,0.44,0.058,0.024,3.7,0.06,9.8
211,Skirt,Cotton,1013,151,95,F2,0.52,0.084,0.048,4,0.06,11.6
212,Jacket,Leather,638,231,75,F1,0.39,0.034,0.058,3.8,0.04,9.4
213,Pants,Polyester,958,258,56,F2,0.51,0.083,0.023,4.9,0.06,11.3
214,T-shirt,Polyester,1895,271,94,F3,0.74,0.096,0.052,4.7,0.03,14.8
215,Skirt,Polyester,775,319,58,F1,0.86,0.072,0.022,4,0.04,12.8
216,Skirt,Silk,1122,253,76,F2,0.85,0.042,0.068,4.1,0.06,14.1
217,Pants,Cotton,1275,245,68,F1,0.74,0.056,0.051,3.8,0.04,13.3
218,Shorts,Polyester,680,248,66,F2,0.42,0.045,0.026,3.8,0.06,10.5
219,Shorts,Polyester,1596,237,58,F3,0.57,0.068,0.045,5,0.03,12.8
220,T-shirt,Blend,1908,141,88,F1,0.81,0.021,0.034,4.7,0.04,14
221,Pants,Cotton,1653,317,87,F3,0.7,0.042,0.016,3.6,0.03,13.7
222,Sweater,Wool,474,295,62,F3,0.66,0.025,0.066,3.9,0.03,9.6
223,T-shirt,Blend,198,363,87,F1,0.71,0.074,0.026,4.2,0.04,9.7
224,Shorts,Polyester,1876,385,57,F3,0.71,0.027,0.077,4.5,0.03,15.1
225,Shorts,Polyester,1376,307,91,F3,0.37,0.056,0.063,4,0.03,12.2
226,Dress,Silk,1729,129,94,F3,0.38,0.098,0.011,4.6,0.03,11.4
227,Jacket,Leather,1321,220,79,F2,0.66,0.07,0.016,4.6,0.06,13.4
228,Pants,Blend,1623,325,63,F3,0.38,0.038,0.034,4.1,0.03,12.6
229,T-shirt,Blend,819,348,58,F2,0.66,0.086,0.03,4.9,0.06,13.1
230,Jacket,Leather,1389,200,91,F2,0.65,0.052,0.048,4.4,0.06,14
231,T-shirt,Cotton,1231,315,91,F3,0.91,0.084,0.065,4,0.03,13.8
232,Jeans,Denim,627,229,84,F1,0.54,0.098,0.055,4.7,0.04,9.3
233,Jeans,Denim,842,352,82,F3,0.95,0.059,0.052,4.6,0.03,13.2
234,Shorts,Denim,951,124,62,F3,0.56,0.025,0.012,3.7,0.03,8.7
235,Dress,Polyester,1653,272,61,F1,0.98,0.055,0.032,4.3,0.04,15.3
236,Hoodie,French Terry,439,259,78,F1,0.31,0.068,0.036,4.1,0.04,8.1
237,Jacket,Leather,1590,365,74,F2,0.34,0.1,0.014,4.5,0.06,13.7
238,Jacket,Polyester,1153,351,82,F3,0.66,0.1,0.067,4.4,0.03,12.6
239,Sweater,Acrylic,869,320,85,F3,0.67,0.054,0.019,4.8,0.03,10.9
240,T-shirt,Cotton,568,254,77,F2,0.64,0.034,0.037,4.9,0.06,10.9
241,Skirt,Polyester,1256,161,76,F1,0.59,0.083,0.051,4.5,0.04,11.6
242,Skirt,Cotton,1086,312,75,F3,0.47,0.098,0.066,4.9,0.03,10.6
243,Pants,Blend,213,287,60,F2,0.62,0.088,0.017,4.2,0.06,9.9
244,Jeans,Denim,1837,181,89,F3,0.87,0.069,0.07,4.1,0.03,13.9
245,Hoodie,Cotton,603,212,90,F3,0.37,0.073,0.076,4.7,0.03,8
246,Pants,Polyester,291,331,70,F2,0.88,0.06,0.037,4.2,0.06,11.9
247,Pants,Cotton,994,178,66,F2,0.35,0.061,0.021,4.6,0.06,11.3
248,T-shirt,Polyester,894,299,72,F2,0.8,0.026,0.015,3.5,0.06,13.4
249,T-shirt,Polyester,1718,247,70,F3,0.57,0.057,0.079,5,0.03,12.6
250,Sweater,Wool,822,107,59,F1,0.31,0.027,0.078,3.9,0.04,7.1
251,Dress,Polyester,1841,148,85,F1,0.73,0.082,0.055,4.3,0.04,13.5
252,Pants,Blend,1561,357,62,F2,0.71,0.08,0.067,4.5,0.06,16.2
253,Pants,Blend,572,109,64,F1,0.38,0.068,0.017,4.1,0.04,6.4
254,Jacket,Leather,1699,377,79,F2,0.95,0.074,0.045,3.5,0.06,18.1
255,T-shirt,Cotton,1990,221,81,F1,0.52,0.09,0.028,4.3,0.04,13.4
256,Dress,Polyester,1711,337,56,F1,0.43,0.024,0.032,4.6,0.04,14.1
257,Pants,Blend,1418,121,77,F3,0.33,0.033,0.019,4.6,0.03,9.4
258,Hoodie,Fleece,1480,187,93,F1,0.81,0.063,0.051,4.3,0.04,13.7
259,Jeans,Denim,752,217,68,F2,0.41,0.028,0.05,4.8,0.06,9.5
260,Dress,Silk,1259,243,57,F3,0.47,0.078,0.079,3.6,0.03,11
261,Dress,Polyester,1297,109,70,F1,0.81,0.069,0.023,4,0.04,12.2
262,Pants,Blend,647,333,75,F1,0.89,0.087,0.011,4.6,0.04,13.3
263,Skirt,Polyester,1510,119,60,F3,0.83,0.087,0.043,4.3,0.03,12.3
264,Hoodie,Fleece,1205,119,59,F1,0.92,0.067,0.037,4.1,0.04,11.9
265,Jacket,Polyester,920,301,87,F2,0.42,0.035,0.037,4.1,0.06,11.6
266,Jacket,Polyester,1588,315,86,F2,0.71,0.065,0.049,4.4,0.06,15.9
267,T-shirt,Cotton,211,257,67,F3,0.72,0.022,0.033,4.5,0.03,9.2
268,T-shirt,Polyester,1149,129,87,F3,0.45,0.086,0.046,4.1,0.03,9.1
269,Hoodie,Cotton,1423,282,98,F3,0.6,0.027,0.025,4.4,0.03,12.8
270,Skirt,Silk,450,297,53,F2,0.65,0.034,0.058,5,0.06,11.4
271,Dress,Cotton,173,174,88,F1,0.7,0.067,0.023,4,0.04,8.5
272,Shorts,Cotton,1950,150,68,F1,0.48,0.054,0.071,4.8,0.04,12.1
273,Jeans,Denim,98,173,54,F3,0.79,0.07,0.013,4.9,0.03,8.2
274,Pants,Blend,661,396,95,F1,0.73,0.031,0.063,4.5,0.04,12.5
275,Hoodie,Cotton,597,312,79,F1,0.5,0.024,0.013,3.9,0.04,10.7
276,Sweater,Cotton,955,281,80,F1,0.61,0.082,0.015,4.2,0.04,11.3
277,Jacket,Leather,1769,206,69,F3,0.73,0.065,0.034,4,0.03,13.6
278,Jeans,Denim,1472,259,60,F3,0.97,0.065,0.076,3.6,0.03,14.5
279,T-shirt,Polyester,541,241,86,F2,0.99,0.041,0.056,3.8,0.06,11.9
280,T-shirt,Polyester,1930,260,99,F1,0.8,0.053,0.016,4.5,0.04,16.8
281,Hoodie,Fleece,338,180,73,F3,0.38,0.089,0.061,3.6,0.03,7.1
282,T-shirt,Polyester,1015,297,83,F2,0.64,0.033,0.076,4.8,0.06,13.9
283,T-shirt,Cotton,1139,197,65,F3,0.59,0.072,0.048,3.6,0.03,11.5
284,Pants,Cotton,1723,198,98,F1,0.44,0.041,0.022,4,0.04,12.6
285,T-shirt,Cotton,1951,313,64,F1,0.44,0.09,0.072,4.8,0.04,14.3
286,Jeans,Denim,107,383,75,F2,0.69,0.064,0.017,4,0.06,10.3
287,Hoodie,French Terry,1117,196,91,F1,0.65,0.028,0.056,4.7,0.04,12.2
288,Pants,Cotton,356,366,61,F1,0.67,0.043,0.065,4.4,0.04,10.5
289,Jacket,Leather,1670,171,58,F1,0.58,0.093,0.047,3.7,0.04,13.3
290,Pants,Cotton,824,358,76,F1,0.49,0.099,0.02,3.8,0.04,11.7
291,Dress,Cotton,1073,107,86,F2,0.81,0.086,0.032,4.7,0.06,12.3
292,T-shirt,Polyester,1960,115,50,F1,0.59,0.099,0.057,4.5,0.04,13
293,Jeans,Denim,1333,201,80,F1,0.76,0.03,0.058,3.6,0.04,12.6
294,Jacket,Leather,276,288,77,F2,0.9,0.086,0.048,4.6,0.06,11.1
295,Shorts,Polyester,1450,312,73,F2,0.65,0.086,0.033,3.8,0.06,15
296,Hoodie,Fleece,239,262,83,F2,0.54,0.056,0.062,4.5,0.06,9.8
297,Shorts,Denim,1249,249,66,F1,0.89,0.058,0.079,4.5,0.04,13.9
298,Jacket,Nylon,1139,347,77,F2,0.78,0.033,0.056,5,0.06,14.2
299,Pants,Blend,1832,227,52,F3,0.79,0.061,0.031,3.8,0.03,14.7
300,T-shirt,Blend,509,138,58,F1,0.85,0.073,0.028,4.9,0.04,10
301,Hoodie,Cotton,1324,318,72,F1,0.42,0.051,0.037,3.8,0.04,11.8
302,T-shirt,Polyester,1732,129,63,F2,0.64,0.021,0.04,3.5,0.06,13.5
303,Hoodie,Cotton,663,314,71,F3,0.9,0.043,0.074,4.6,0.03,12.4
304,Skirt,Silk,1581,374,96,F2,0.61,0.037,0.018,3.6,0.06,15.2
305,Dress,Silk,514,385,58,F1,0.31,0.058,0.031,4.4,0.04,9.2
306,Shorts,Cotton,271,140,53,F1,0.35,0.09,0.071,4,0.04,6.1
307,Hoodie,Fleece,1671,219,65,F1,0.47,0.084,0.012,4.4,0.04,12.3
308,T-shirt,Polyester,1349,271,82,F1,0.82,0.062,0.012,4.8,0.04,13.9
309,T-shirt,Polyester,531,315,81,F1,0.7,0.061,0.04,4,0.04,11.8
310,Pants,Cotton,1946,246,75,F3,0.42,0.034,0.076,4.2,0.03,13
311,Sweater,Wool,554,256,53,F2,0.77,0.031,0.026,4.7,0.06,11.6
312,Pants,Blend,1434,356,57,F3,0.74,0.026,0.028,4,0.03,13.3
313,Pants,Cotton,829,361,75,F1,0.94,0.039,0.043,4.2,0.04,14.8
314,Hoodie,French Terry,191,390,97,F3,0.5,0.037,0.046,3.5,0.03,8.9
315,Skirt,Cotton,1375,289,57,F1,0.33,0.029,0.034,4.7,0.04,12
316,Pants,Polyester,1436,332,58,F2,0.87,0.043,0.067,4.3,0.06,17.2
317,Pants,Cotton,1644,282,90,F2,0.32,0.074,0.013,4.2,0.06,14
318,T-shirt,Cotton,633,208,61,F1,0.77,0.044,0.06,4.9,0.04,10.3
319,Jeans,Denim,1526,107,74,F3,0.75,0.024,0.028,3.6,0.03,12.8
320,Jeans,Denim,1397,260,85,F2,0.56,0.03,0.039,4.6,0.06,13.9
321,Skirt,Silk,1810,342,64,F1,0.82,0.053,0.055,4.5,0.04,16.3
322,Skirt,Silk,959,309,58,F1,0.73,0.09,0.061,3.7,0.04,13
323,Dress,Silk,1587,192,87,F2,0.88,0.099,0.067,4.5,0.06,13.8
324,Hoodie,Cotton,1384,312,98,F2,0.45,0.057,0.067,3.6,0.06,14.2
325,Shorts,Polyester,326,206,67,F3,0.58,0.026,0.048,4.8,0.03,7.4
326,Jeans,Denim,1873,294,77,F1,0.71,0.081,0.017,4.8,0.04,15.6
327,Dress,Silk,721,217,85,F3,0.58,0.062,0.046,3.7,0.03,9.4
328,Skirt,Cotton,882,292,96,F3,0.41,0.022,0.055,4.5,0.03,10.1
329,Pants,Cotton,1500,225,60,F1,0.52,0.074,0.052,4,0.04,13.4
330,Jacket,Nylon,1950,166,60,F3,0.4,0.028,0.025,4.9,0.03,12
331,Shorts,Denim,1307,150,99,F1,0.52,0.032,0.044,3.7,0.04,10.8
332,Pants,Cotton,173,134,72,F3,0.61,0.1,0.048,3.6,0.03,7.6
333,Jeans,Denim,108,225,66,F2,0.57,0.047,0.048,3.7,0.06,9.7
334,T-shirt,Blend,1927,141,83,F2,0.48,0.036,0.014,4,0.06,14.7
335,Dress,Polyester,1053,120,93,F2,0.88,0.064,0.022,4.4,0.06,12.2
336,Skirt,Cotton,558,372,84,F1,0.92,0.07,0.05,4.4,0.04,13.1
337,Jacket,Polyester,214,107,77,F1,0.9,0.077,0.073,3.7,0.04,9.7
338,Jacket,Nylon,1895,272,96,F1,0.91,0.03,0.065,3.7,0.04,17
339,Hoodie,French Terry,1026,283,69,F3,0.63,0.023,0.078,4.9,0.03,11
340,T-shirt,Cotton,869,169,85,F3,0.5,0.036,0.063,4.1,0.03,9.2
341,Dress,Cotton,764,291,99,F3,0.81,0.092,0.042,4.2,0.03,12.4
342,T-shirt,Cotton,952,262,97,F2,1,0.025,0.01,4.5,0.06,15
343,T-shirt,Cotton,786,246,87,F3,0.48,0.022,0.078,3.8,0.03,10
344,Jacket,Leather,71,313,92,F1,0.91,0.062,0.054,4.5,0.04,10.9
345,Sweater,Wool,1277,293,90,F1,0.5,0.037,0.077,3.5,0.04,12
346,T-shirt,Polyester,696,166,50,F3,0.54,0.071,0.015,3.5,0.03,9.2
347,Sweater,Acrylic,697,287,58,F3,0.84,0.088,0.053,3.6,0.03,11.1
348,Dress,Polyester,1457,359,79,F2,0.32,0.044,0.048,4.4,0.06,13.4
349,Pants,Blend,1758,389,94,F3,0.97,0.062,0.031,3.6,0.03,17.4
350,T-shirt,Blend,1729,287,51,F3,0.35,0.052,0.031,3.8,0.03,12.5
351,Shorts,Cotton,344,314,63,F2,0.41,0.041,0.012,4.4,0.06,9.8
352,Hoodie,French Terry,1743,368,70,F2,0.45,0.053,0.063,3.8,0.06,15.7
353,Dress,Silk,232,122,81,F3,0.61,0.067,0.054,3.6,0.03,6.6
354,Pants,Cotton,461,152,73,F1,0.5,0.065,0.018,4.9,0.04,8.5
355,T-shirt,Cotton,825,111,80,F3,0.5,0.031,0.054,3.6,0.03,8
356,Dress,Cotton,1040,340,78,F2,0.33,0.042,0.059,3.6,0.06,12.5
357,Dress,Silk,867,363,90,F3,0.54,0.095,0.016,4.9,0.03,11.2
358,Hoodie,Cotton,186,261,93,F1,0.7,0.093,0.076,4.1,0.04,9.4
359,Shorts,Cotton,247,211,61,F2,0.77,0.029,0.013,4.3,0.06,9.8
360,Shorts,Polyester,1798,334,62,F2,0.43,0.042,0.019,4.5,0.06,15.1
361,Pants,Polyester,842,193,58,F3,0.37,0.083,0.055,3.6,0.03,8.9
362,Sweater,Acrylic,589,140,84,F3,0.62,0.037,0.036,4.1,0.03,8.5
363,Jacket,Nylon,941,112,67,F2,0.69,0.053,0.06,4.1,0.06,11.3
364,Hoodie,French Terry,1173,208,72,F3,0.73,0.044,0.02,4.5,0.03,12.1
365,Jacket,Leather,323,102,77,F3,0.98,0.024,0.058,4.2,0.03,8.7
366,Dress,Cotton,284,326,62,F2,0.34,0.029,0.046,3.9,0.06,9.4
367,Shorts,Cotton,102,173,95,F1,0.47,0.093,0.069,4.6,0.04,6.6
368,Sweater,Wool,1853,281,73,F3,0.81,0.09,0.013,4.1,0.03,15.7
369,T-shirt,Cotton,1906,218,77,F3,0.49,0.038,0.019,4.8,0.03,12.7
370,T-shirt,Blend,224,321,90,F2,0.38,0.041,0.011,3.9,0.06,9.3
371,Pants,Cotton,82,154,56,F1,0.54,0.05,0.01,3.9,0.04,7.2
372,Pants,Cotton,672,259,60,F1,0.88,0.068,0.03,3.8,0.04,11.9
373,Dress,Silk,1132,231,89,F1,0.35,0.038,0.027,4.2,0.04,10.3
374,Pants,Blend,1291,103,75,F3,0.99,0.039,0.047,4.5,0.03,13.2
375,Jacket,Nylon,1404,242,81,F2,0.35,0.049,0.026,3.8,0.06,12.4
376,Hoodie,French Terry,1467,366,62,F3,0.87,0.071,0.037,4.5,0.03,14.5
377,Dress,Polyester,540,148,96,F1,0.94,0.043,0.043,4.8,0.04,10.4
378,Shorts,Cotton,1826,104,69,F2,0.74,0.056,0.019,4.9,0.06,14.3
379,Sweater,Wool,1996,325,64,F2,0.55,0.096,0.077,4.4,0.06,15.4
380,T-shirt,Blend,1296,321,52,F1,0.42,0.056,0.025,3.6,0.04,12.3
381,Dress,Silk,1234,308,97,F1,1,0.062,0.037,4.5,0.04,14.9
382,Skirt,Polyester,1325,147,75,F3,0.67,0.038,0.042,4.9,0.03,10.9
383,Dress,Silk,360,253,55,F1,0.43,0.083,0.074,4.9,0.04,8.5
384,Pants,Cotton,499,346,57,F2,0.41,0.058,0.06,3.9,0.06,10.9
385,Pants,Polyester,882,138,66,F1,0.41,0.065,0.064,4.2,0.04,9.3
386,Jacket,Leather,1328,270,70,F1,0.46,0.046,0.069,4.6,0.04,11.9
387,Pants,Polyester,1676,377,86,F2,0.47,0.052,0.073,3.5,0.06,16.9
388,Jacket,Nylon,376,340,52,F3,0.57,0.08,0.074,4.9,0.03,8.9
389,Dress,Polyester,1676,305,66,F2,0.85,0.04,0.049,4,0.06,15.7
390,Pants,Cotton,1131,253,94,F2,0.98,0.022,0.069,4.6,0.06,15
391,Skirt,Cotton,1974,292,66,F3,0.4,0.074,0.026,4.1,0.03,13.8
392,Sweater,Acrylic,710,198,61,F1,0.83,0.043,0.035,4.8,0.04,11.9
393,Pants,Cotton,376,253,89,F1,0.58,0.081,0.068,4.8,0.04,8.6
394,Hoodie,Cotton,1977,140,97,F2,0.53,0.088,0.024,3.6,0.06,14.1
395,Jacket,Polyester,885,370,84,F3,0.65,0.053,0.067,4.8,0.03,12.6
396,Pants,Polyester,1609,123,91,F1,0.88,0.061,0.042,3.6,0.04,13.1
397,Jeans,Denim,677,378,94,F2,0.33,0.03,0.064,3.5,0.06,11.4
398,Dress,Polyester,1430,237,89,F1,0.46,0.044,0.031,3.8,0.04,10.8
399,Dress,Silk,1764,137,85,F2,0.82,0.088,0.04,4,0.06,15.3
400,Pants,Blend,1484,305,97,F2,0.93,0.085,0.079,4.6,0.06,15.6
401,Jacket,Leather,262,248,57,F3,0.76,0.026,0.048,4.6,0.03,9.5
402,Dress,Silk,570,238,81,F2,0.33,0.041,0.052,3.9,0.06,9
403,Pants,Blend,202,222,70,F3,0.69,0.082,0.06,3.8,0.03,8.4
404,Hoodie,Cotton,1267,203,64,F1,0.8,0.057,0.074,4.5,0.04,13.1
405,Shorts,Denim,216,225,66,F1,0.32,0.024,0.02,3.8,0.04,6.7
406,T-shirt,Blend,1410,162,98,F2,0.81,0.065,0.076,4.2,0.06,14
407,Pants,Blend,1012,370,85,F3,0.85,0.079,0.037,3.5,0.03,12.7
408,Hoodie,Fleece,1388,267,68,F2,0.6,0.045,0.044,3.7,0.06,13.5
409,Jacket,Nylon,1313,246,61,F3,0.46,0.09,0.067,4.5,0.03,10.5
410,T-shirt,Blend,1095,106,63,F3,0.74,0.066,0.068,4.9,0.03,11
411,Skirt,Polyester,1283,223,82,F1,0.68,0.043,0.031,4,0.04,11.7
412,Jeans,Denim,618,168,82,F3,0.5,0.055,0.058,4,0.03,8.9
413,Skirt,Polyester,1523,146,88,F2,0.96,0.071,0.057,4.4,0.06,14.6
414,Shorts,Polyester,1895,347,69,F1,0.49,0.042,0.04,5,0.04,14.2
415,Sweater,Cotton,267,161,78,F3,0.98,0.028,0.048,5,0.03,8.8
416,Dress,Silk,1541,318,98,F2,0.58,0.041,0.024,4.2,0.06,14.7
417,Jacket,Polyester,257,101,73,F1,0.76,0.097,0.052,3.6,0.04,8
418,Skirt,Silk,1181,183,84,F1,0.75,0.041,0.011,4.9,0.04,12
419,Hoodie,Cotton,1792,382,59,F3,0.62,0.074,0.051,4.3,0.03,16.1
420,Dress,Cotton,1388,249,97,F2,0.3,0.082,0.054,4.1,0.06,11.5
421,Skirt,Polyester,333,167,56,F1,0.48,0.056,0.077,4.1,0.04,7.6
422,Jeans,Denim,1873,361,97,F3,0.77,0.06,0.062,4,0.03,16
423,Jacket,Nylon,1829,226,74,F3,0.6,0.041,0.04,4.6,0.03,13.5
424,Hoodie,Cotton,1858,142,90,F2,0.47,0.077,0.016,3.8,0.06,13.3
425,Pants,Polyester,200,210,81,F3,0.94,0.022,0.035,3.5,0.03,9.1
426,Jeans,Denim,1903,260,60,F1,0.72,0.05,0.033,4.8,0.04,14.2
427,Sweater,Acrylic,688,374,85,F2,0.95,0.064,0.024,4.4,0.06,14.6
428,Jeans,Denim,1823,363,95,F1,0.56,0.094,0.051,4.3,0.04,15.6
429,Dress,Cotton,1442,383,82,F2,0.93,0.073,0.065,4.2,0.06,16
430,Skirt,Silk,1261,329,89,F3,0.61,0.072,0.076,3.6,0.03,13
431,T-shirt,Cotton,1939,162,71,F3,0.85,0.068,0.024,4.4,0.03,14
432,Dress,Silk,137,306,50,F1,0.84,0.053,0.056,3.9,0.04,9.1
433,Pants,Blend,1111,232,98,F1,0.43,0.073,0.072,4.7,0.04,10.4
434,Dress,Silk,118,228,53,F3,0.95,0.055,0.049,3.9,0.03,9.7
435,Shorts,Polyester,110,151,73,F3,0.85,0.045,0.074,4.9,0.03,7.7
436,T-shirt,Cotton,1435,394,65,F2,0.91,0.028,0.037,4.3,0.06,16
437,Hoodie,French Terry,596,138,71,F2,0.67,0.084,0.072,4,0.06,8.9
438,Hoodie,Fleece,944,313,58,F3,0.41,0.074,0.023,4.5,0.03,9.9
439,Skirt,Polyester,544,211,72,F1,0.6,0.079,0.07,4.3,0.04,9.2
440,Hoodie,Fleece,807,388,79,F2,0.31,0.033,0.072,3.9,0.06,12
441,Shorts,Denim,1723,214,85,F1,0.38,0.037,0.032,3.8,0.04,12
442,Jacket,Nylon,167,251,57,F1,0.99,0.053,0.063,4.8,0.04,10.2
443,Jeans,Denim,244,274,91,F1,0.42,0.06,0.039,4.8,0.04,8.5
444,Jacket,Nylon,254,147,98,F3,0.65,0.095,0.041,5,0.03,8.8
445,Hoodie,French Terry,66,170,62,F2,0.57,0.092,0.024,4.3,0.06,8
446,Hoodie,Fleece,578,270,74,F2,0.77,0.053,0.072,3.8,0.06,11.9
447,Hoodie,Fleece,843,243,74,F1,0.81,0.076,0.063,4.2,0.04,11.8
448,Sweater,Cotton,1437,217,90,F1,0.67,0.061,0.067,4.1,0.04,13.1
449,Skirt,Cotton,1856,238,95,F3,0.57,0.084,0.073,3.8,0.03,13.9
450,Dress,Polyester,341,319,98,F3,0.35,0.05,0.066,4.2,0.03,7.1
451,Pants,Blend,270,222,91,F1,0.52,0.038,0.035,4.1,0.04,8.2
452,Jeans,Denim,1580,159,60,F1,0.76,0.077,0.011,3.8,0.04,12.9
453,Skirt,Cotton,1135,355,98,F2,0.56,0.071,0.017,3.7,0.06,13.6
454,Shorts,Denim,1274,349,86,F3,0.66,0.048,0.057,4.6,0.03,12.8
455,Skirt,Silk,1428,310,93,F3,0.82,0.034,0.024,4.8,0.03,14.2
456,Jacket,Polyester,776,376,75,F3,0.92,0.066,0.054,3.7,0.03,13.2
457,Skirt,Cotton,1755,368,60,F3,0.49,0.036,0.032,3.9,0.03,13.9
458,Pants,Cotton,765,237,93,F2,0.82,0.065,0.051,3.7,0.06,11.7
459,Hoodie,Fleece,420,378,67,F3,0.97,0.054,0.048,4.3,0.03,12.8
460,Dress,Silk,110,228,79,F2,0.49,0.035,0.059,3.8,0.06,8.9
461,Jeans,Denim,917,377,59,F2,0.76,0.085,0.064,4.6,0.06,13.6
462,Hoodie,Fleece,1613,356,86,F1,0.48,0.023,0.072,3.9,0.04,14.7
463,Jacket,Leather,1590,219,95,F1,0.77,0.046,0.073,4.8,0.04,14.3
464,Dress,Cotton,153,176,87,F3,0.37,0.08,0.067,4.6,0.03,6.1
465,Skirt,Cotton,1623,275,76,F2,1,0.046,0.062,4.7,0.06,16.1
466,Pants,Polyester,1061,286,70,F1,0.85,0.065,0.032,4.5,0.04,13.1
467,Skirt,Cotton,852,185,87,F1,0.31,0.093,0.059,4,0.04,8.9
468,Dress,Cotton,1515,102,65,F1,0.59,0.052,0.037,3.6,0.04,11.1
469,Skirt,Silk,1614,118,92,F3,0.77,0.031,0.051,4.4,0.03,12.4
470,Skirt,Polyester,1043,282,77,F2,0.67,0.037,0.08,5,0.06,13.5
471,Dress,Cotton,1973,345,98,F3,0.62,0.095,0.045,4.9,0.03,15
472,Dress,Cotton,743,309,72,F3,0.95,0.071,0.014,4.5,0.03,12.9
473,Skirt,Cotton,906,281,59,F1,0.69,0.08,0.067,4.1,0.04,11.2
474,Sweater,Cotton,479,241,99,F3,0.31,0.082,0.053,4.5,0.03,8.8
475,Pants,Blend,829,395,69,F1,0.97,0.063,0.044,4.1,0.04,14.3
476,Jacket,Nylon,791,391,75,F2,0.82,0.028,0.052,4.6,0.06,13.5
477,Dress,Polyester,1102,395,75,F3,0.36,0.069,0.072,4.8,0.03,11
478,Dress,Polyester,1118,338,97,F3,0.56,0.084,0.072,3.7,0.03,12.3
479,Jeans,Denim,228,311,86,F3,0.93,0.07,0.078,4.2,0.03,10.4
480,Shorts,Denim,1704,367,98,F2,0.77,0.091,0.031,4.3,0.06,16.5
481,Jeans,Denim,1171,170,93,F2,0.42,0.058,0.014,4.9,0.06,11
482,Skirt,Polyester,1157,392,89,F3,0.38,0.021,0.021,3.8,0.03,11.4
483,Jacket,Polyester,241,192,79,F3,0.31,0.086,0.036,4,0.03,6.8
484,Skirt,Silk,1263,291,87,F2,0.85,0.044,0.032,3.5,0.06,15.5
485,Pants,Polyester,1901,244,50,F1,0.62,0.045,0.068,3.6,0.04,13.9
486,Pants,Polyester,1982,188,97,F3,0.68,0.099,0.056,3.8,0.03,12.8
487,T-shirt,Blend,880,266,62,F2,0.99,0.091,0.036,3.8,0.06,14.8
488,Jacket,Leather,496,137,68,F3,0.76,0.029,0.066,3.7,0.03,8.9
489,Jacket,Leather,1880,295,74,F3,0.66,0.092,0.072,4.7,0.03,15.5
490,Dress,Silk,237,369,80,F1,0.58,0.098,0.075,4.6,0.04,10
491,Shorts,Denim,1260,290,87,F1,0.9,0.033,0.07,4.2,0.04,14.6
492,Skirt,Polyester,657,299,57,F1,0.56,0.083,0.028,4.9,0.04,10.5
493,Pants,Cotton,1841,286,61,F2,0.69,0.088,0.066,3.8,0.06,15.3
494,Shorts,Denim,815,312,69,F2,0.47,0.041,0.01,4.8,0.06,11.9
495,Jeans,Denim,1699,375,62,F2,0.46,0.041,0.049,3.8,0.06,14.6
496,T-shirt,Polyester,1804,208,72,F2,0.5,0.037,0.027,4.9,0.06,13.6
497,Jacket,Leather,1302,255,74,F1,0.79,0.069,0.063,4.3,0.04,13.6
498,Skirt,Cotton,547,320,95,F2,0.88,0.034,0.012,3.8,0.06,12.9
499,Jeans,Denim,1640,215,64,F3,0.94,0.061,0.045,3.6,0.03,14.4
500,Jacket,Leather,357,236,96,F1,0.41,0.022,0.041,3.9,0.04,7.9
